,MSA_code,name,pop,birth_death_rate,65plus,education,poverty
0,10180,"Abilene, TX  ",172060.0,0.01195222596768569,0.13665712574053118,0.18366666666666664,0.16666666666666666
1,10420,"Akron, OH  ",703479.0,0.010229161069484662,0.14190395064853434,0.304,0.11649999999999999
2,10500,"Albany, GA  ",146726.0,0.011695268732194702,0.11915532503997192,0.17425,0.2255
3,10540,"Albany-Lebanon, OR  ",129749.0,0.01087484296603442,0.154200200560541,0.195,0.127
4,10580,"Albany-Schenectady-Troy, NY  ",880381.0,0.00962026667999423,0.140364779830875,0.333,0.1036
5,10740,"Albuquerque, NM  ",918018.0,0.009511251413370978,0.1228324904912533,0.24150000000000002,0.17900000000000002
6,10780,"Alexandria, LA  ",152037.0,0.011510356031755428,0.13449581933824054,0.1445,0.197
7,10900,"Allentown-Bethlehem-Easton, PA-NJ  ",844052.0,0.00986846781951823,0.15239888257543469,0.268,0.102
8,11020,"Altoona, PA  ",121829.0,0.011347872838158402,0.1772523408608073,0.20800000000000002,0.14400000000000002
9,11100,"Amarillo, TX  ",265053.0,0.010635608727311143,0.1188049250994308,0.24580000000000002,0.1216
10,11180,"Ames, IA  ",123351.0,0.007928594012209062,0.1134148762613402,0.3795,0.13849999999999998
11,11260,"Anchorage, AK  ",289592.0,0.010033081024337689,0.07407135091985231,0.2825,0.0995
12,11460,"Ann Arbor, MI  ",367601.0,0.008053568951118197,0.10136836121487737,0.552,0.15
13,11500,"Anniston-Oxford, AL  ",113605.0,0.01232780247348268,0.0,0.18,0.195
14,11540,"Appleton, WI  ",153879.0,0.009474977092390775,0.11724798043134353,0.288,0.0625
15,11700,"Asheville, NC  ",462680.0,0.010153886055156911,0.18369153060191734,0.309,0.12825
16,12020,"Athens-Clarke County, GA  ",213750.0,0.00864327485380117,0.10074685003791381,0.32175,0.15650000000000003
17,12060,"Atlanta-Sandy Springs-Alpharetta, GA  ",6020364.0,0.00942841662065616,0.08975814724000417,0.25755172413793104,0.12679310344827585
18,12100,"Atlantic City-Hammonton, NJ  ",263670.0,0.010450563204005007,0.1416936805682025,0.27399999999999997,0.128
19,12220,"Auburn-Opelika, AL  ",164542.0,0.008988586500711064,0.0,0.341,0.19
20,12260,"Augusta-Richmond County, GA-SC  ",608980.0,0.010758152977109265,0.12514295223359545,0.20057142857142857,0.1737142857142857
21,12420,"Austin-Round Rock-Georgetown, TX  ",2227083.0,0.00843255505070983,0.08083482395166318,0.3246,0.1166
22,12540,"Bakersfield, CA  ",900202.0,0.010898664966307562,0.08984531318482383,0.161,0.205
23,12580,"Baltimore-Columbia-Towson, MD  ",2800053.0,0.010431052555076635,0.1263649745986888,0.39771428571428563,0.08642857142857142
24,12620,"Bangor, ME  ",152148.0,0.009766806004679655,0.14457134689846937,0.271,0.147
25,12700,"Barnstable Town, MA  ",212990.0,0.010425372083196393,0.24956806507047602,0.428,0.08
26,12940,"Baton Rouge, LA  ",854884.0,0.010687999775408127,0.10812005240305797,0.189,0.18
27,12980,"Battle Creek, MI  ",134159.0,0.010778255651875759,0.14770064709468442,0.212,0.17300000000000001
28,13020,"Bay City, MI  ",103126.0,0.010395050714659737,0.16244479085476748,0.18899999999999997,0.156
29,13140,"Beaumont-Port Arthur, TX  ",392563.0,0.01155355955604578,0.13082321104268596,0.16733333333333333,0.14833333333333334
30,13220,"Beckley, WV  ",36518.0,0.011364258721726271,0.16383637979487425,0.16749999999999998,0.216
31,13380,"Bellingham, WA  ",50104.0,0.0062769439565703335,0.13244440467134994,0.33899999999999997,0.149
32,13460,"Bend, OR  ",197692.0,0.00861188110798616,0.1489279419782672,0.342,0.094
33,13740,"Billings, MT  ",181667.0,0.010073376012154106,0.1451115045941807,0.29433333333333334,0.10233333333333333
34,13780,"Binghamton, NY  ",238691.0,0.010369054551700735,0.16238290840040362,0.269,0.1375
35,13820,"Birmingham-Hoover, AL  ",1090435.0,0.011206536840802066,0.0,0.21550000000000002,0.14733333333333334
36,13900,"Bismarck, ND  ",128949.0,0.010434357769350673,0.13770722976515468,0.26700000000000007,0.08566666666666667
37,13980,"Blacksburg-Christiansburg, VA  ",50747.0,0.011261749463022445,0.1792020552541268,0.188,0.09000000000000001
38,14010,"Bloomington, IL  ",171517.0,0.00910405382556831,0.10225684513454382,0.44799999999999995,0.14400000000000002
39,14020,"Bloomington, IN  ",169230.0,0.007708444129291496,0.10804763397054215,0.29100000000000004,0.16999999999999998
40,14100,"Bloomsburg-Berwick, PA  ",83194.0,0.010078851840276943,0.16602970910323386,0.27649999999999997,0.112
41,14260,"Boise City, ID  ",749202.0,0.008966874087362287,0.10912284571543494,0.2186,0.1242
42,14460,"Boston-Cambridge-Newton, MA-NH  ",4873019.0,0.009134378503346693,0.13092931359547913,0.4362857142857143,0.09028571428571429
43,14500,"Boulder, CO  ",326196.0,0.006965137524678415,0.10021794628065506,0.608,0.09699999999999999
44,14540,"Bowling Green, KY  ",179240.0,0.010485940638250391,0.12231399747793191,0.17149999999999999,0.17225000000000001
45,14740,"Bremerton-Silverdale-Port Orchard, WA  ",47935.0,0.00764577031396683,0.13258260530234856,0.322,0.091
46,14860,"Bridgeport-Stamford-Norwalk, CT  ",943332.0,0.008778987673480811,0.13533043203211065,0.474,0.1
47,15180,"Brownsville-Harlingen, TX  ",423163.0,0.010622384282179681,0.11050881170594332,0.17300000000000001,0.27899999999999997
48,15260,"Brunswick, GA  ",118779.0,0.010641611732713694,0.14873944345071238,0.17800000000000002,0.18799999999999997
49,15380,"Buffalo-Cheektowaga, NY  ",1127983.0,0.01062516013095942,0.15742001391445254,0.28750000000000003,0.1335
50,15500,"Burlington, NC  ",169509.0,0.010683798500374611,0.14610406796707515,0.24,0.135
51,15540,"Burlington-South Burlington, VT  ",220411.0,0.008363920131027942,0.1158372068805559,0.3786666666666667,0.09900000000000002
52,15680,"California-Lexington Park, MD  ",113510.0,0.009659941855343142,0.10252776932440658,0.315,0.08
53,15940,"Canton-Massillon, OH  ",397520.0,0.01087869792714832,0.1626539539046988,0.182,0.1365
54,15980,"Cape Coral-Fort Myers, FL  ",770577.0,0.00954479565312746,0.23451285242139458,0.278,0.121
55,16020,"Cape Girardeau, MO-IL  ",96765.0,0.010478995504572933,0.14842743778304043,0.17066666666666666,0.19000000000000003
56,16060,"Carbondale-Marion, IL  ",135764.0,0.010459326478300581,0.14376464163037697,0.25033333333333335,0.17433333333333334
57,16180,"Carson City, NV  ",55916.0,0.011043350740396309,0.16522840343735867,0.223,0.113
58,16220,"Casper, WY  ",2356.0,0.008913412563667232,0.12447813812938198,0.22699999999999998,0.099
59,16300,"Cedar Rapids, IA  ",273032.0,0.01003545371971051,0.1359186790777736,0.24666666666666667,0.09566666666666668
60,16540,"Chambersburg-Waynesboro, PA  ",155027.0,0.01084327246221626,0.16494562856321723,0.21,0.11
61,16580,"Champaign-Urbana, IL  ",226033.0,0.008744298398906353,0.10458149496581899,0.3615,0.1325
62,16620,"Charleston, WV  ",127477.0,0.010837249072381684,0.16447609798208698,0.1372,0.20940000000000003
63,16700,"Charleston-North Charleston, SC  ",802122.0,0.009896250196354171,0.11490081371274495,0.315,0.12666666666666668
64,16740,"Charlotte-Concord-Gastonia, NC-SC  ",2636883.0,0.00982656416685913,0.10910216354027544,0.2556363636363636,0.12709090909090912
65,16820,"Charlottesville, VA  ",62019.0,0.009521275738080266,0.15825086695424173,0.31466666666666665,0.06825
66,16860,"Chattanooga, TN-GA  ",565194.0,0.010803370170242431,0.14667022630191767,0.18000000000000002,0.1421666666666667
67,16940,"Cheyenne, WY  ",19830.0,0.009077155824508321,0.12541013091487807,0.287,0.091
68,16980,"Chicago-Naperville-Elgin, IL-IN-WI  ",9309412.0,0.009673758127795827,0.11414024956490287,0.3036428571428571,0.09200000000000001
69,17020,"Chico, CA  ",219186.0,0.01128949841686969,0.15371293766846514,0.265,0.185
70,17140,"Cincinnati, OH-KY-IN  ",2221208.0,0.0106183212017965,0.12222010153120129,0.2306875,0.1106875
71,17300,"Clarksville, TN-KY  ",307820.0,0.012383860697810408,0.0961270304800146,0.19075,0.14300000000000002
72,17420,"Cleveland, TN  ",124942.0,0.011021113796801717,0.14570468697371944,0.16449999999999998,0.1525
73,17460,"Cleveland-Elyria, OH  ",2048449.0,0.010609734486921568,0.15198621633214443,0.31039999999999995,0.1036
74,17660,"Coeur d'Alene, ID  ",165697.0,0.010012251277935025,0.14497274269829236,0.249,0.10300000000000001
75,17780,"College Station-Bryan, TX  ",264728.0,0.00863338974343477,0.08674850542943484,0.24666666666666667,0.17933333333333334
76,17820,"Colorado Springs, CO  ",745791.0,0.009876091290991712,0.10079397286923765,0.35950000000000004,0.08650000000000001
77,17860,"Columbia, MO  ",208173.0,0.009009333583125573,0.10180788705170495,0.306,0.14633333333333334
78,17900,"Columbia, SC  ",838433.0,0.009767626035711859,0.11422500550417601,0.2333333333333333,0.1678333333333333
79,17980,"Columbus, GA-AL  ",321048.0,0.011590167202412101,0.11745316706037466,0.2032857142857143,0.219
80,18020,"Columbus, IN  ",83779.0,0.010438176631375404,0.1397356598736897,0.32299999999999995,0.10099999999999999
81,18140,"Columbus, OH  ",2122271.0,0.010319134549734694,0.1071002510548246,0.25620000000000004,0.1082
82,18580,"Corpus Christi, TX  ",429024.0,0.010421328410531812,0.1216557867604215,0.182,0.1675
83,18700,"Corvallis, OR  ",93053.0,0.006904667232652359,0.12012152372049545,0.536,0.158
84,18880,"Crestview-Fort Walton Beach-Destin, FL  ",284809.0,0.010761598123654799,0.14483223525221947,0.295,0.1205
85,19060,"Cumberland, MD-WV  ",93840.0,0.011679454390451833,0.1771055179090029,0.16499999999999998,0.15599999999999997
86,19100,"Dallas-Fort Worth-Arlington, TX  ",7573136.0,0.009587969897807197,0.08787327753853229,0.2949090909090909,0.0980909090909091
87,19140,"Dalton, GA  ",144724.0,0.010478566098228352,0.11060410045841888,0.1255,0.147
88,19180,"Danville, IL  ",75758.0,0.012295731143905593,0.16296278146668952,0.151,0.193
89,19300,"Daphne-Fairhope-Foley, AL  ",223234.0,0.010370284096508597,0.0,0.313,0.098
90,19340,"Davenport-Moline-Rock Island, IA-IL  ",379172.0,0.01073127762598504,0.150414415932956,0.23875000000000002,0.11775
91,19430,"Dayton-Kettering, OH  ",807611.0,0.011080210645966933,0.14860497501980025,0.29666666666666663,0.12133333333333333
92,19460,"Decatur, AL  ",152603.0,0.01145128208488693,0.0,0.16699999999999998,0.1625
93,19500,"Decatur, IL  ",104009.0,0.01192685248391966,0.16378228565753958,0.225,0.174
94,19660,"Deltona-Daytona Beach-Ormond Beach, FL  ",668365.0,0.01069999177096347,0.21632417964051567,0.24,0.11750000000000001
95,19740,"Denver-Aurora-Lakewood, CO  ",2967239.0,0.00898832214054884,0.10047482133751238,0.4225,0.07050000000000001
96,19780,"Des Moines-West Des Moines, IA  ",699292.0,0.010357618848778479,0.11503835271305048,0.298,0.08466666666666667
97,19820,"Detroit-Warren-Dearborn, MI  ",4319629.0,0.010536784524782105,0.1319990382312393,0.27516666666666667,0.11633333333333333
98,20020,"Dothan, AL  ",149358.0,0.011596298825640408,0.0,0.167,0.18566666666666667
99,20100,"Dover, DE  ",180786.0,0.01074198223313752,0.1354313632470997,0.23600000000000002,0.138
100,20220,"Dubuque, IA  ",97311.0,0.010497271634244843,0.15327695560253699,0.305,0.113
101,20260,"Duluth, MN-WI  ",290950.0,0.009769719883141435,0.1580041150847446,0.2625,0.11274999999999999
102,20500,"Durham-Chapel Hill, NC  ",644367.0,0.009261802668355145,0.11354590145922017,0.368,0.12600000000000003
103,20700,"East Stroudsburg, PA  ",170271.0,0.009288134796882615,0.12777094139882125,0.244,0.12300000000000001
104,20740,"Eau Claire, WI  ",39069.0,0.012221966264813536,0.13260772438443208,0.2595,0.121
105,20940,"El Centro, CA  ",181215.0,0.010504097342935188,0.10400563803150192,0.145,0.214
106,21060,"Elizabethtown-Fort Knox, KY  ",153928.0,0.010621849176238242,0.11323387645865214,0.171,0.13366666666666668
107,21140,"Elkhart-Goshen, IN  ",206341.0,0.011444647452517918,0.12128973476412229,0.192,0.115
108,21300,"Elmira, NY  ",83456.0,0.010796108128834355,0.1569609708322545,0.239,0.135
109,21340,"El Paso, TX  ",844124.0,0.010201700224137685,0.10283861692972726,0.14850000000000002,0.1915
110,21420,"Enid, OK  ",61056.0,0.012160966981132075,0.15344745052079034,0.22399999999999998,0.152
111,21500,"Erie, PA  ",269728.0,0.010484636374421638,0.14550535166288267,0.27699999999999997,0.153
112,21660,"Eugene-Springfield, OR  ",382067.0,0.009233982521390228,0.15006709959171605,0.29600000000000004,0.18100000000000002
113,21780,"Evansville, IN-KY  ",315086.0,0.010687558317411753,0.1416645001011064,0.23625000000000002,0.11925
114,21820,"Fairbanks, AK  ",96849.0,0.010526696197172919,0.06532967145580128,0.326,0.086
115,22020,"Fargo, ND-MN  ",246145.0,0.01001645371630543,0.10359329048079778,0.3645,0.11100000000000002
116,22140,"Farmington, NM  ",123958.0,0.010160699591797221,0.1082932830943135,0.152,0.231
117,22180,"Fayetteville, NC  ",526719.0,0.011587772607405466,0.09485263853723637,0.21366666666666667,0.16466666666666668
118,22220,"Fayetteville-Springdale-Rogers, AR  ",534904.0,0.010014881174939802,0.11151226250903158,0.25899999999999995,0.1406666666666667
119,22380,"Flagstaff, AZ  ",143476.0,0.008412556803925395,0.08870571781404829,0.35600000000000004,0.159
120,22420,"Flint, MI  ",405813.0,0.011282290118847843,0.13666094398425518,0.209,0.188
121,22500,"Florence, SC  ",204911.0,0.01158795769870822,0.13528435984374923,0.2015,0.2075
122,22520,"Florence-Muscle Shoals, AL  ",147970.0,0.011357031830776508,0.0,0.213,0.139
123,22540,"Fond du Lac, WI  ",9004.0,0.011161705908485118,0.14980223153669048,0.22699999999999998,0.095
124,22660,"Fort Collins, CO  ",356899.0,0.007890187419970355,0.1186158975539914,0.46299999999999997,0.105
125,22900,"Fort Smith, AR-OK  ",250368.0,0.011776664749488751,0.13733184534001588,0.15025,0.17175
126,23060,"Fort Wayne, IN  ",413263.0,0.010934925217113558,0.12038947872225453,0.2455,0.10300000000000001
127,23420,"Fresno, CA  ",999101.0,0.010996385750789959,0.10040399763125624,0.207,0.213
128,23460,"Gadsden, AL  ",102268.0,0.013014823796299917,0.0,0.177,0.175
129,23540,"Gainesville, FL  ",329128.0,0.00942490459638803,0.1225821677805931,0.23099999999999998,0.17566666666666667
130,23580,"Gainesville, GA  ",204441.0,0.010237672482525521,0.11136154937807831,0.24,0.132
131,23900,"Gettysburg, PA  ",103009.0,0.009576833092254076,0.15732486588829284,0.22399999999999998,0.08
132,24020,"Glens Falls, NY  ",125148.0,0.009704509860325375,0.16252986255468338,0.252,0.11100000000000002
133,24140,"Goldsboro, NC  ",123131.0,0.012149661742371944,0.13111625782881003,0.195,0.20199999999999999
134,24220,"Grand Forks, ND-MN  ",100815.0,0.01123344740366017,0.12312364160792996,0.293,0.1245
135,24260,"Grand Island, NE  ",75553.0,0.011740102974071182,0.14356428836608137,0.19599999999999998,0.11299999999999999
136,24300,"Grand Junction, CO  ",154210.0,0.01020037611049867,0.14906900029988276,0.27399999999999997,0.14400000000000002
137,24340,"Grand Rapids-Kentwood, MI  ",1077370.0,0.009878686059570992,0.1150501524146322,0.2445,0.10575000000000001
138,24420,"Grants Pass, OR  ",87487.0,0.011750317189982512,0.22291268709045628,0.172,0.17
139,24500,"Great Falls, MT  ",81366.0,0.011300789027357865,0.15603482195553806,0.26,0.134
140,24540,"Greeley, CO  ",324492.0,0.009578048149106911,0.09585643881562814,0.267,0.105
141,24580,"Green Bay, WI  ",166642.0,0.009577417457783751,0.12475101390403667,0.21566666666666667,0.08366666666666667
142,24660,"Greensboro-High Point, NC  ",771851.0,0.01027983380211984,0.13158709149739847,0.22033333333333335,0.157
143,24780,"Greenville, NC  ",180742.0,0.0096408139779354,0.09883496184931222,0.318,0.23199999999999998
144,24860,"Greenville-Anderson, SC  ",920477.0,0.010466312574893236,0.135771429403492,0.23875000000000002,0.155
145,25060,"Gulfport-Biloxi, MS  ",417665.0,0.010685597308848,0.1238696591151873,0.202,0.18875000000000003
146,25180,"Hagerstown-Martinsburg, MD-WV  ",197002.0,0.011134404726855566,0.1344202481227312,0.19899999999999998,0.11133333333333334
147,25220,"Hammond, LA  ",134758.0,0.012377743807417742,0.11398206411336273,0.19399999999999998,0.179
148,25260,"Hanford-Corcoran, CA  ",152940.0,0.010487772982869098,0.07863618833465157,0.135,0.188
149,25420,"Harrisburg-Carlisle, PA  ",577941.0,0.010199137974291493,0.14537486623619594,0.27566666666666667,0.10100000000000002
150,25500,"Harrisonburg, VA  ",0.0,,0.0,,0.0
151,25540,"Hartford-East Hartford-Middletown, CT  ",1204877.0,0.009288499987965576,0.1434861289593544,0.40166666666666667,0.08633333333333333
152,25620,"Hattiesburg, MS  ",168849.0,0.010977263708994427,0.11920990573298607,0.228,0.21625
153,25860,"Hickory-Lenoir-Morganton, NC  ",369711.0,0.010556894439170055,0.15017592435526322,0.17124999999999999,0.13975
154,25940,"Hilton Head Island-Bluffton, SC  ",222195.0,0.009703188640608474,0.19143793680585633,0.286,0.1495
155,25980,"Hinesville, GA  ",80994.0,0.013136775563621998,0.0645037090274391,0.16899999999999998,0.1645
156,26140,"Homosassa Springs, FL  ",149657.0,0.012602150250238881,0.31890368671098934,0.17600000000000002,0.152
157,26300,"Hot Springs, AR  ",99386.0,0.012164691203992514,0.20929966154647228,0.20199999999999999,0.204
158,26380,"Houma-Thibodaux, LA  ",208075.0,0.011185870479394448,0.11815312783710173,0.162,0.1695
159,26420,"Houston-The Woodlands-Sugar Land, TX  ",7066141.0,0.009800681871476948,0.08563383288710913,0.27322222222222226,0.11733333333333335
160,26580,"Huntington-Ashland, WV-KY-OH  ",256660.0,0.011786020416114703,0.15831646037168146,0.18985714285714286,0.1928571428571429
161,26620,"Huntsville, AL  ",471824.0,0.009987834446742854,0.0,0.336,0.1165
162,26820,"Idaho Falls, ID  ",151530.0,0.011397083085857585,0.10770188945417436,0.2363333333333333,0.11599999999999999
163,26900,"Indianapolis-Carmel-Anderson, IN  ",2074537.0,0.010358455886783413,0.11187534363979028,0.3024545454545455,0.09772727272727272
164,26980,"Iowa City, IA  ",173105.0,0.008650818867161549,0.09810141099831572,0.3725,0.123
165,27060,"Ithaca, NY  ",102180.0,0.006743002544529262,0.10760596662236006,0.527,0.168
166,27100,"Jackson, MI  ",158510.0,0.010617626648160999,0.14152350404682712,0.214,0.13699999999999998
167,27140,"Jackson, MS  ",594806.0,0.01067743096068298,0.11313256731380933,0.2247142857142857,0.2214285714285714
168,27180,"Jackson, TN  ",178644.0,0.01141656030989006,0.14476752274687665,0.18275,0.17400000000000002
169,27260,"Jacksonville, FL  ",1559514.0,0.010477943769661574,0.12122351640201338,0.2772,0.11139999999999999
170,27340,"Jacksonville, NC  ",197938.0,0.012743889500752762,0.07460075489528781,0.214,0.151
171,27500,"Janesville-Beloit, WI  ",14178.0,0.010650303286782339,0.1357121472943642,0.218,0.109
172,27620,"Jefferson City, MO  ",151235.0,0.010235725857109796,0.12692913596069635,0.23249999999999996,0.10375000000000001
173,27740,"Johnson City, TN  ",203649.0,0.010496000471399319,0.16193883764348294,0.21333333333333337,0.167
174,27780,"Johnstown, PA  ",130192.0,0.011310218753840482,0.18841174832962138,0.214,0.147
175,27860,"Jonesboro, AR  ",133860.0,0.011691319288809204,0.12922736248936187,0.182,0.208
176,27900,"Joplin, MO  ",179564.0,0.011266178075783565,0.13999054233444813,0.21299999999999997,0.163
177,27980,"Kahului-Wailuku-Lahaina, HI  ",0.0,,0.0,,0.0
178,28020,"Kalamazoo-Portage, MI  ",265066.0,0.009844717919310662,0.1229567134844926,0.381,0.14400000000000002
179,28100,"Kankakee, IL  ",109862.0,0.010954652200032769,0.1343058616130454,0.21,0.162
180,28140,"Kansas City, MO-KS  ",2157990.0,0.010238462643478422,0.11941764049243957,0.26157142857142857,0.10550000000000001
181,28420,"Kennewick-Richland, WA  ",79425.0,0.010028328611898018,0.10374159729376611,0.2365,0.116
182,28660,"Killeen-Temple, TX  ",460303.0,0.010885221256433262,0.0882998068102472,0.2006666666666667,0.13633333333333333
183,28700,"Kingsport-Bristol, TN-VA  ",236700.0,0.010992817912970004,0.1822035687443526,0.17066666666666666,0.1335
184,28740,"Kingston, NY  ",177573.0,0.008942800988889076,0.14819117340844082,0.322,0.14300000000000002
185,28940,"Knoxville, TN  ",869046.0,0.010500019561680278,0.15028806685359822,0.19712500000000002,0.15662500000000001
186,29020,"Kokomo, IN  ",82544.0,0.011484783872843574,0.16242311456986452,0.212,0.12300000000000001
187,29100,"La Crosse-Onalaska, WI-MN  ",35265.0,0.010747199773146178,0.13846453099516706,0.2915,0.097
188,29180,"Lafayette, LA  ",489207.0,0.011177272606483553,0.11393869536433773,0.17360000000000003,0.2044
189,29200,"Lafayette-West Lafayette, IN  ",233002.0,0.008963442373885203,0.10635859589725057,0.22674999999999998,0.1205
190,29340,"Lake Charles, LA  ",210409.0,0.01211687712978057,0.12628251372690474,0.16749999999999998,0.14400000000000002
191,29420,"Lake Havasu City-Kingman, AZ  ",212181.0,0.012081666124676572,0.23307207760743703,0.129,0.168
192,29460,"Lakeland-Winter Haven, FL  ",724777.0,0.010541173354010957,0.17986500491615956,0.2,0.157
193,29540,"Lancaster, PA  ",545724.0,0.011262103187691948,0.14973644998710164,0.26899999999999996,0.079
194,29620,"Lansing-East Lansing, MI  ",550391.0,0.009337907051532455,0.12031569989807082,0.28475,0.11425000000000002
195,29700,"Laredo, TX  ",276652.0,0.011048176047886875,0.07793292183536087,0.184,0.257
196,29740,"Las Cruces, NM  ",218195.0,0.009727537294621783,0.12369404590076183,0.275,0.249
197,29820,"Las Vegas-Henderson-Paradise, NV  ",2266715.0,0.009918979668815886,0.11297513926827144,0.239,0.14
198,29940,"Lawrence, KS  ",122259.0,0.007336883174244841,0.08903065137556733,0.504,0.17
199,30020,"Lawton, OK  ",126415.0,0.01132381442075703,0.10555521444140853,0.1785,0.16449999999999998
200,30140,"Lebanon, PA  ",141793.0,0.010878534201265225,0.17016673030418736,0.203,0.1
201,30300,"Lewiston, ID-WA  ",244798.0,0.010118546720152943,0.1845160866494769,0.21199999999999997,0.1365
202,30340,"Lewiston-Auburn, ME  ",108277.0,0.010583965200365728,0.14098028838565313,0.222,0.12300000000000001
203,30460,"Lexington-Fayette, KY  ",517056.0,0.00990124860750093,0.110855750900233,0.2881666666666666,0.12899999999999998
204,30620,"Lima, OH  ",102351.0,0.011201649226680736,0.14762254072151376,0.17800000000000002,0.14400000000000002
205,30700,"Lincoln, NE  ",336374.0,0.00948943735247076,0.11135233884259228,0.33999999999999997,0.098
206,30780,"Little Rock-North Little Rock-Conway, AR  ",742384.0,0.010669006875148171,0.12156202572889485,0.23450000000000001,0.13583333333333333
207,30860,"Logan, UT-ID  ",142165.0,0.010769176660922168,0.08240396036446833,0.27949999999999997,0.10850000000000001
208,30980,"Longview, TX  ",286657.0,0.01110386280467597,0.13882093278238292,0.17850000000000002,0.15525
209,31020,"Longview, WA  ",43429.0,0.009981809390038914,0.15432912480104677,0.166,0.122
210,31080,"Los Angeles-Long Beach-Anaheim, CA  ",13214799.0,0.00904482164276581,0.1103276851730453,0.3585,0.1235
211,31140,"Louisville Jefferson County, KY-IN  ",1265108.0,0.010721614281152281,0.12882975990235457,0.22670000000000004,0.10550000000000001
212,31180,"Lubbock, TX  ",322257.0,0.010522657382151513,0.11214692956816572,0.20033333333333334,0.19866666666666669
213,31340,"Lynchburg, VA  ",126513.0,0.010291432501007801,0.16451298673310172,0.22633333333333336,0.09225
214,31420,"Macon-Bibb County, GA  ",229996.0,0.011624115202003512,0.1294265026216777,0.18359999999999999,0.184
215,31460,"Madera, CA  ",157327.0,0.010068201897957757,0.11441941855686504,0.145,0.20199999999999999
216,31540,"Madison, WI  ",128570.0,0.009792331025900288,0.11100099762815557,0.303,0.08574999999999999
217,31700,"Manchester-Nashua, NH  ",417025.0,0.009037827468377196,0.11860342082541013,0.373,0.07400000000000001
218,31740,"Manhattan, KS  ",130285.0,0.010722646505737421,0.08259234195244015,0.3413333333333333,0.13
219,31860,"Mankato, MN  ",101927.0,0.008815132398677485,0.1186570326955479,0.331,0.119
220,31900,"Mansfield, OH  ",121154.0,0.011208874655397263,0.1627622995597545,0.17800000000000002,0.14400000000000002
221,32580,"McAllen-Edinburg-Mission, TX  ",868707.0,0.010734919829125354,0.09325090026717607,0.184,0.3
222,32780,"Medford, OR  ",220944.0,0.010355565211094214,0.1763423504111571,0.27399999999999997,0.14800000000000002
223,32820,"Memphis, TN-MS-AR  ",1346045.0,0.01117087467358075,0.10549266355697626,0.199375,0.175
224,32900,"Merced, CA  ",277680.0,0.010575122443099971,0.09366912437351932,0.14,0.212
225,33100,"Miami-Fort Lauderdale-Pompano Beach, FL  ",6166488.0,0.00979049987610452,0.15932614460316902,0.3213333333333333,0.136
226,33140,"Michigan City-La Porte, IN  ",109888.0,0.0112068651718113,0.14234578533749595,0.179,0.157
227,33220,"Midland, MI  ",83156.0,0.009608446774736639,0.14808083223723545,0.34,0.113
228,33260,"Midland, TX  ",182603.0,0.011702984069265017,0.11085465017787566,0.239,0.1185
229,33340,"Milwaukee-Waukesha, WI  ",508728.0,0.00966921419697756,0.1258634020370086,0.38349999999999995,0.082
230,33460,"Minneapolis-St. Paul-Bloomington, MN-WI  ",3614827.0,0.009512073468522836,0.10734561742530824,0.3245333333333333,0.07253333333333334
231,33540,"Missoula, MT  ",119600.0,0.008436454849498327,0.11397072278133577,0.425,0.127
232,33660,"Mobile, AL  ",429536.0,0.012076985398197123,0.0,0.16999999999999998,0.192
233,33700,"Modesto, CA  ",550660.0,0.010632695311081249,0.10658095767551617,0.16899999999999998,0.156
234,33740,"Monroe, LA  ",200261.0,0.012106700755514054,0.1319825262570871,0.17300000000000001,0.22233333333333336
235,33780,"Monroe, MI  ",150500.0,0.009767441860465116,0.13413847995684836,0.191,0.1
236,33860,"Montgomery, AL  ",373290.0,0.011247287631600097,0.0,0.246,0.1755
237,34060,"Morgantown, WV  ",69725.0,0.009881678020795984,0.1162824762932696,0.2835,0.1725
238,34100,"Morristown, TN  ",142749.0,0.011078886717244954,0.16014318236719396,0.14366666666666666,0.16433333333333333
239,34580,"Mount Vernon-Anacortes, WA  ",12083.0,0.007986427211785153,0.16146858052043592,0.263,0.09699999999999999
240,34620,"Muncie, IN  ",114135.0,0.009935602575896964,0.1468233734448297,0.243,0.225
241,34740,"Muskegon, MI  ",173566.0,0.011064955117937845,0.13561841929507693,0.191,0.157
242,34820,"Myrtle Beach-Conway-North Myrtle Beach, SC-NC  ",496901.0,0.009866150400180317,0.18341327712934968,0.261,0.124
243,34900,"Napa, CA  ",137744.0,0.009125624346614007,0.15088837601201596,0.349,0.08800000000000001
244,34940,"Naples-Marco Island, FL  ",384902.0,0.00912829759263397,0.2642160232146578,0.36200000000000004,0.106
245,34980,"Nashville-Davidson--Murfreesboro--Franklin, TN  ",1934317.0,0.010192228057758889,0.10754579787036941,0.24400000000000002,0.12046153846153847
246,35100,"New Bern, NC  ",124284.0,0.011344984068745775,0.16106085818158877,0.19399999999999998,0.159
247,35300,"New Haven-Milford, CT  ",854757.0,0.009592784849963206,0.1437393185681258,0.349,0.11599999999999999
248,35380,"New Orleans-Metairie, LA  ",1270530.0,0.010695536508386264,0.12180521016214417,0.228875,0.16825
249,35620,"New York-Newark-Jersey City, NY-NJ-PA  ",19216182.0,0.009901966998439128,0.1308911256800643,0.3991739130434782,0.10343478260869567
250,35660,"Niles, MI  ",153401.0,0.011029915059223865,0.1629255041003992,0.27699999999999997,0.153
251,35840,"North Port-Sarasota-Bradenton, FL  ",836995.0,0.010022759992592549,0.27529681808732104,0.32,0.10350000000000001
252,35980,"Norwich-New London, CT  ",265206.0,0.00946999690806392,0.14228843739965555,0.33299999999999996,0.098
253,36100,"Ocala, FL  ",365579.0,0.011840122107670298,0.25752567922028136,0.19399999999999998,0.151
254,36140,"Ocean City, NJ  ",92039.0,0.011044231249796282,0.21566631710978143,0.315,0.10300000000000001
255,36220,"Odessa, TX  ",166223.0,0.012462174308007917,0.10175671438259766,0.156,0.129
256,36260,"Ogden-Clearfield, UT  ",683864.0,0.010163570534492239,0.09200214347913457,0.31025,0.066
257,36420,"Oklahoma City, OK  ",1408950.0,0.010508889598637283,0.11762522865342685,0.2538571428571429,0.11485714285714284
258,36500,"Olympia-Lacey-Tumwater, WA  ",4488.0,0.008801247771836006,0.12987929359998415,0.35700000000000004,0.087
259,36540,"Omaha-Council Bluffs, NE-IA  ",949442.0,0.010416118098841213,0.11105089148796268,0.28225,0.08687500000000001
260,36740,"Orlando-Kissimmee-Sanford, FL  ",2608147.0,0.009389808166487549,0.12325502292903151,0.288,0.126
261,36780,"Oshkosh-Neenah, WI  ",72999.0,0.01042480033973068,0.1337525075601066,0.273,0.10400000000000001
262,36980,"Owensboro, KY  ",119440.0,0.011512056262558606,0.14749069741096094,0.153,0.13733333333333334
263,37100,"Oxnard-Thousand Oaks-Ventura, CA  ",846006.0,0.009102772320763683,0.11697653036065,0.331,0.091
264,37340,"Palm Bay-Melbourne-Titusville, FL  ",601942.0,0.010570785889670434,0.2037480423352479,0.293,0.11
265,37460,"Panama City, FL  ",174705.0,0.012051744369079305,0.14544603886220558,0.228,0.134
266,37620,"Parkersburg-Vienna, WV  ",103912.0,0.011899491877742707,0.16846148865917085,0.1575,0.16849999999999998
267,37860,"Pensacola-Ferry Pass-Brent, FL  ",502629.0,0.01094544883005159,0.13895347801297128,0.2725,0.121
268,37900,"Peoria, IL  ",400561.0,0.011339096916574504,0.15177679120541204,0.23383333333333334,0.11366666666666665
269,37980,"Philadelphia-Camden-Wilmington, PA-NJ-DE-MD  ",6102434.0,0.010286141562530623,0.13284799669558034,0.3533636363636364,0.09927272727272728
270,38060,"Phoenix-Mesa-Chandler, AZ  ",4948203.0,0.009462323999237703,0.12275834699138159,0.255,0.126
271,38220,"Pine Bluff, AR  ",87804.0,0.011525670812263678,0.13394308740362462,0.14300000000000002,0.21733333333333335
272,38300,"Pittsburgh, PA  ",2317600.0,0.010777744218156714,0.17276425697050357,0.2717142857142857,0.10514285714285712
273,38340,"Pittsfield, MA  ",124944.0,0.009816397746190293,0.18584057308337143,0.33399999999999996,0.113
274,38540,"Pocatello, ID  ",95489.0,0.010760401721664276,0.11240168988605402,0.21550000000000002,0.1375
275,38860,"Portland-South Portland, ME  ",538500.0,0.009310120705663881,0.14841110369792587,0.3786666666666667,0.08633333333333333
276,38900,"Portland-Vancouver-Hillsboro, OR-WA  ",2818156.0,0.009058050725367936,0.11330497167577863,0.31842857142857145,0.10142857142857142
277,38940,"Port St. Lucie, FL  ",489297.0,0.010082833125892861,0.2248248087751233,0.2665,0.11399999999999999
278,39100,"Poughkeepsie-Newburgh-Middletown, NY  ",679158.0,0.009773867053027425,0.12127220267879255,0.325,0.10350000000000001
279,39150,"Prescott Valley-Prescott, AZ  ",235099.0,0.010259507696757536,0.24056313200716473,0.252,0.132
280,39300,"Providence-Warwick, RI-MA  ",1624578.0,0.009655122745722274,0.14352348404256982,0.3803333333333334,0.09749999999999999
281,39340,"Provo-Orem, UT  ",648252.0,0.01125333975059082,0.0654883819813937,0.28600000000000003,0.0895
282,39380,"Pueblo, CO  ",168424.0,0.010811998290029923,0.15305788864859426,0.22,0.172
283,39460,"Punta Gorda, FL  ",188910.0,0.010290614578370653,0.34128854412141596,0.23199999999999998,0.111
284,39540,"Racine, WI  ",17252.0,0.0101727335961048,0.13171860047387787,0.247,0.126
285,39580,"Raleigh-Cary, NC  ",1390785.0,0.008700122592636533,0.08977161251173163,0.31633333333333336,0.10933333333333334
286,39660,"Rapid City, SD  ",42509.0,0.01082123785551295,0.13178196434647066,0.2895,0.10850000000000001
287,39740,"Reading, PA  ",421164.0,0.010201489206104985,0.14475395133712324,0.245,0.114
288,39820,"Redding, CA  ",180080.0,0.011866948023100843,0.16909109375705322,0.222,0.152
289,39900,"Reno, NV  ",475642.0,0.009800438144655014,0.12133243069169616,0.296,0.09
290,40060,"Richmond, VA  ",1022465.0,0.009771972634760115,0.11761082454105949,0.2824166666666667,0.09107142857142858
291,40140,"Riverside-San Bernardino-Ontario, CA  ",4650631.0,0.009911988287180814,0.1041300381646505,0.21050000000000002,0.138
292,40220,"Roanoke, VA  ",119893.0,0.010246636584287656,0.1567587323134757,0.22874999999999998,0.10959999999999999
293,40340,"Rochester, MN  ",221921.0,0.010102694201990798,0.13672309283732442,0.27849999999999997,0.07625
294,40380,"Rochester, NY  ",1069644.0,0.009698086466151355,0.14166154165339104,0.267,0.11716666666666668
295,40420,"Rockford, IL  ",336116.0,0.010939675588189791,0.13473007623800912,0.22899999999999998,0.1265
296,40580,"Rocky Mount, NC  ",145770.0,0.011404953008163545,0.14106290971370075,0.16799999999999998,0.1855
297,40660,"Rome, GA  ",98498.0,0.011538305346301448,0.1422579372495276,0.204,0.207
298,40900,"Sacramento-Roseville-Folsom, CA  ",2363730.0,0.009663751782140939,0.12023853395423632,0.36075,0.12400000000000001
299,40980,"Saginaw, MI  ",190539.0,0.011352006675798656,0.1528750562022281,0.21100000000000002,0.17
300,41060,"St. Cloud, MN  ",201964.0,0.009781446198332376,0.12050091488889124,0.252,0.11299999999999999
301,41100,"St. George, UT  ",177556.0,0.010171438869990314,0.17250716788786238,0.27699999999999997,0.09699999999999999
302,41140,"St. Joseph, MO-KS  ",125223.0,0.010637023549986822,0.1432419696850703,0.19775,0.13275
303,41180,"St. Louis, MO-IL  ",2803228.0,0.010586901957314925,0.13334603196467915,0.24946666666666667,0.11046666666666667
304,41420,"Salem, OR  ",433903.0,0.010202741165652231,0.1323159449146361,0.2645,0.136
305,41500,"Salinas, CA  ",434061.0,0.00983617509981316,0.10702600600398017,0.245,0.133
306,41540,"Salisbury, MD-DE  ",415726.0,0.010787153076786153,0.1860364951592149,0.2485,0.15175
307,41620,"Salt Lake City, UT  ",1232696.0,0.009998004374152264,0.08617358260239696,0.2875,0.079
308,41660,"San Angelo, TX  ",122027.0,0.010755816335728977,0.13935928191418734,0.18999999999999997,0.12066666666666666
309,41700,"San Antonio-New Braunfels, TX  ",2550960.0,0.010024265374604071,0.10971529174439874,0.26087499999999997,0.11575
310,41740,"San Diego-Chula Vista-Carlsbad, CA  ",3338330.0,0.0095339585960645,0.11353452347645505,0.381,0.115
311,41860,"San Francisco-Oakland-Berkeley, CA  ",4731803.0,0.008781642008342274,0.1260508853639994,0.507,0.08059999999999999
312,41940,"San Jose-Sunnyvale-Santa Clara, CA  ",1990660.0,0.008557212180884732,0.11013265741635964,0.355,0.07949999999999999
313,42020,"San Luis Obispo-Paso Robles, CA  ",283111.0,0.008747452412657931,0.15213731002306796,0.34600000000000003,0.127
314,42100,"Santa Cruz-Watsonville, CA  ",273213.0,0.008098077324285448,0.11112762640872313,0.4,0.122
315,42140,"Santa Fe, NM  ",150358.0,0.007914444193192247,0.15123707264290323,0.409,0.122
316,42200,"Santa Maria-Santa Barbara, CA  ",446499.0,0.009717826915625791,0.1283286466491781,0.33799999999999997,0.126
317,42220,"Santa Rosa-Petaluma, CA  ",494336.0,0.008989836872087001,0.13921662233740253,0.349,0.099
318,42340,"Savannah, GA  ",393353.0,0.010411767547215858,0.11605468165655962,0.28633333333333333,0.10433333333333333
319,42540,"Scranton--Wilkes-Barre, PA  ",553885.0,0.01114039918033527,0.17745266414965793,0.23499999999999996,0.13433333333333333
320,42660,"Seattle-Tacoma-Bellevue, WA  ",811853.0,0.01003691554998257,0.10814783374663135,0.36566666666666664,0.08466666666666667
321,42680,"Sebastian-Vero Beach, FL  ",159923.0,0.010817706021022618,0.2717110172499982,0.28300000000000003,0.107
322,42700,"Sebring-Avon Park, FL  ",106221.0,0.011678481656169684,0.3221274054278397,0.17,0.20800000000000002
323,43100,"Sheboygan, WI  ",20343.0,0.009782234675318292,0.14562627696782907,0.239,0.075
324,43300,"Sherman-Denison, TX  ",136212.0,0.011467418435967464,0.15532189480302452,0.205,0.12300000000000001
325,43340,"Shreveport-Bossier City, LA  ",394706.0,0.011489564384630585,0.1317519850478544,0.211,0.18366666666666664
326,43420,"Sierra Vista-Douglas, AZ  ",125922.0,0.010562093994695128,0.17273329425110584,0.23,0.151
327,43580,"Sioux City, IA-NE-SD  ",144701.0,0.01108492684915792,0.129602028165875,0.21599999999999997,0.1045
328,43620,"Sioux Falls, SD  ",268232.0,0.010725789614960183,0.11181887480176289,0.29474999999999996,0.0825
329,43780,"South Bend-Mishawaka, IN-MI  ",323613.0,0.01068251275443199,0.13758320933510845,0.2415,0.1235
330,43900,"Spartanburg, SC  ",319785.0,0.011062119861782134,0.13445629387846983,0.23800000000000002,0.136
331,44060,"Spokane-Spokane Valley, WA  ",336259.0,0.009567030176143985,0.13304439216478584,0.2445,0.1325
332,44100,"Springfield, IL  ",206868.0,0.010999767967979582,0.13960061093109896,0.28650000000000003,0.1105
333,44140,"Springfield, MA  ",697382.0,0.009334195605851598,0.13947034604577865,0.36966666666666675,0.12799999999999997
334,44180,"Springfield, MO  ",470300.0,0.010512438868807145,0.13896311765392833,0.21600000000000003,0.14200000000000002
335,44220,"Springfield, OH  ",134083.0,0.011988842731740787,0.16208596585076698,0.18600000000000003,0.149
336,44300,"State College, PA  ",162385.0,0.006934138005357637,0.11277282438584073,0.447,0.18100000000000002
337,44420,"Staunton, VA  ",0.0,,0.0,,0.0
338,44700,"Stockton, CA  ",762148.0,0.01037396936028173,0.10386731785900334,0.184,0.14300000000000002
339,44940,"Sumter, SC  ",140466.0,0.011134367035439182,0.1389333558008257,0.16999999999999998,0.2255
340,45060,"Syracuse, NY  ",648593.0,0.009835906338797981,0.137669829061635,0.27033333333333337,0.13533333333333333
341,45220,"Tallahassee, FL  ",387227.0,0.008837193687423656,0.10362697120958918,0.257,0.18525
342,45300,"Tampa-St. Petersburg-Clearwater, FL  ",3194831.0,0.010329028358620533,0.17249799155230372,0.2615,0.13274999999999998
343,45460,"Terre Haute, IN  ",186367.0,0.011050776156723025,0.1432982899902511,0.1554,0.1552
344,45500,"Texarkana, TX-AR  ",148761.0,0.011649558688097014,0.1430170443501632,0.15966666666666665,0.19000000000000003
345,45540,"The Villages, FL  ",132420.0,0.009420782359160247,0.43384249793943547,0.311,0.09300000000000001
346,45780,"Toledo, OH  ",641816.0,0.010947062709561618,0.13365365426830203,0.2475,0.12
347,45820,"Topeka, KS  ",231969.0,0.010626419909556881,0.14760701412317045,0.2318,0.1052
348,45940,"Trenton-Princeton, NJ  ",367430.0,0.009536510355714014,0.12645355975487976,0.42,0.109
349,46060,"Tucson, AZ  ",1047279.0,0.010068950107850916,0.15433903519868117,0.319,0.162
350,46140,"Tulsa, OK  ",998626.0,0.011176356313574852,0.1284444771562883,0.20414285714285715,0.1417142857142857
351,46220,"Tuscaloosa, AL  ",252047.0,0.010519863358817997,0.0,0.16999999999999998,0.239
352,46300,"Twin Falls, ID  ",111290.0,0.011195974481085454,0.1326539832337734,0.1775,0.1305
353,46340,"Tyler, TX  ",232751.0,0.011054732310494907,0.142340795841976,0.258,0.15
354,46520,"Urban Honolulu, HI  ",974563.0,0.010572943975915359,0.14528833161282742,0.34299999999999997,0.077
355,46540,"Utica-Rome, NY  ",289990.0,0.010674506017448878,0.1637419087635856,0.22849999999999998,0.14150000000000001
356,46660,"Valdosta, GA  ",147292.0,0.01103929609211634,0.10570317145333802,0.16499999999999998,0.23775
357,46700,"Vallejo, CA  ",447643.0,0.009828144302491047,0.11333631712008128,0.262,0.079
358,47020,"Victoria, TX  ",99742.0,0.010747729141184256,0.13867495000212757,0.1885,0.14900000000000002
359,47220,"Vineland-Bridgeton, NJ  ",149527.0,0.010673657600299612,0.12616396535350768,0.147,0.152
360,47260,"Virginia Beach-Norfolk-Newport News, VA-NC  ",941445.0,0.010185937574685722,0.11112928895264221,0.25523076923076926,0.09825
361,47300,"Visalia, CA  ",466195.0,0.01098360128272504,0.094484146727577,0.14300000000000002,0.222
362,47380,"Waco, TX  ",273920.0,0.011030592873831777,0.1271259193030901,0.183,0.20299999999999999
363,47460,"Walla Walla, WA  ",229247.0,0.008431953308004031,0.14933142798815965,0.28600000000000003,0.133
364,47580,"Warner Robins, GA  ",185409.0,0.010420206138860574,0.10581994797011862,0.23349999999999999,0.1805
365,47900,"Washington-Arlington-Alexandria, DC-VA-MD-WV  ",4521148.0,0.009586060885421136,0.10462371752371928,0.4052941176470588,0.0675
366,47940,"Waterloo-Cedar Falls, IA  ",168522.0,0.01073747047863187,0.14697294720533904,0.2896666666666667,0.09900000000000002
367,48060,"Watertown-Fort Drum, NY  ",109834.0,0.01289218274851139,0.11168373053428547,0.223,0.12300000000000001
368,48140,"Wausau-Weston, WI  ",119331.0,0.010202713460877727,0.1489923651931428,0.2195,0.0905
369,48260,"Weirton-Steubenville, WV-OH  ",171046.0,0.01157291021128819,0.18570567675063276,0.17733333333333334,0.153
370,48300,"Wenatchee, WA  ",84958.0,0.010817109630641022,0.14986697930288137,0.2295,0.10650000000000001
371,48540,"Wheeling, WV-OH  ",100491.0,0.011030838582559634,0.17874836939256916,0.21833333333333335,0.13133333333333333
372,48620,"Wichita, KS  ",640218.0,0.01076898806344089,0.1204133778018881,0.28275,0.117
373,48660,"Wichita Falls, TX  ",151254.0,0.011103838576169887,0.1357703212673571,0.21666666666666667,0.131
374,48700,"Williamsport, PA  ",113299.0,0.010825338264238872,0.16459969684442607,0.228,0.13
375,48900,"Wilmington, NC  ",297533.0,0.009131760174501652,0.14115385369872688,0.3285,0.152
376,49020,"Winchester, VA-WV  ",28810.0,0.011853523082263104,0.16265387022741498,0.122,0.1
377,49180,"Winston-Salem, NC  ",676008.0,0.01021659506988083,0.13978232770732255,0.1996,0.1346
378,49340,"Worcester, MA-CT  ",947404.0,0.009493310140130292,0.12786524475425337,0.3,0.1035
379,49420,"Yakima, WA  ",1792147.0,0.011286741545196906,0.1156180107880542,0.16,0.165
380,49620,"York-Hanover, PA  ",449058.0,0.010008729384622921,0.14036963213808673,0.242,0.08800000000000001
381,49660,"Youngstown-Warren-Boardman, OH-PA  ",536081.0,0.011464685374038625,0.178295573851043,0.21733333333333335,0.16466666666666666
382,49700,"Yuba City, CA  ",175639.0,0.010911585695659847,0.1153134043968291,0.172,0.1535
383,49740,"Yuma, AZ  ",213787.0,0.011001604400641761,0.1565552331521517,0.14800000000000002,0.195
